address,alt_addr,used,type,class_,icon,latitude,longitude,found_country,country_code,country_name
"Wakefield, Popes Creek, Westmoreland, Virginia",,1,,,,38.1859162,-76.9161654,True,US,United States
"Mount Vernon, Fairfax, Virginia",,1,,,,38.710179,-77.0888199,True,US,United States
"Bridge's Creek, Westmoreland, Virginia",,1,,,,38.1153203,-76.7567355,True,US,United States
"Ferry Farm, King George, Virginia",,1,,,,38.2786312,-77.175356,True,US,United States
"Epping Forest, Lancaster, VA",,1,,,,37.7913044,-76.5258553,True,US,United States
"Of, Epping Forest, Lancaster, Virginia",,1,,,,37.7913044,-76.5258553,True,US,United States
"Wakefield, Westmoreland, Virginia",,1,,,,38.1720754,-76.9491371,True,US,United States
"""Western View"", Culpeper, Virginia",,1,,,,38.4733823,-77.9961275,True,US,United States
"Gloucester Co., Virginia",,1,,,,37.4452288,-76.5594479,True,US,United States
"Offredericksburg, Spotsylvania, VA",,1,,,,38.1880936,-77.6741751,True,US,United States
"""Whitehaven"", England",,1,,,,54.5474199,-3.5885335,True,GB,England
"Bridges Creek, King George, VA",,1,,,,38.2786312,-77.175356,True,US,United States
", , VA",,1,,,,41.903411,12.4528527,True,VA,Civitas Vaticana - Città del Vaticano
"Millenkick, Lancaster, Virginia",,1,,,,37.7625738,-76.4723233,True,US,United States
"Oakley, Lancaster, Virginia",,1,,,,37.7625738,-76.4723233,True,US,United States
"Of, , Lancaster, Virginia",,1,,,,40.043127,-76.3244568,True,US,United States
", King George, Virginia",,1,,,,38.2786312,-77.175356,True,US,United States
", , Stafford, Virginia",,1,,,,38.4167265,-77.4579783,True,US,United States
VA,,1,,,,41.903411,12.4528527,True,VA,Civitas Vaticana - Città del Vaticano
"""Bewdley"", Lancaster Co, VA",,1,,,,37.7665507,-76.570956,True,US,United States
"Sulgrave Manor, England",,1,,,,52.1057594,-1.1833205,True,GB,England
", Stafford Co., Va.",,1,,,,38.4167265,-77.4579783,True,US,United States
", Westmoreland Co., VA",,1,,,,38.1153203,-76.7567355,True,US,United States
", St Mary, Maryland",,1,,,,29.7124309,-91.46261,True,US,United States
"Lower Machodc, Westmoreland Co., Vi.",,1,,,,38.1153203,-76.7567355,True,US,United States
", Surry Co, VA",,1,,,,37.1118778,-76.895924,True,US,United States
", Westmoreland, VA",,1,,,,38.1153203,-76.7567355,True,US,United States
Will Proved,,1,,,,,,False,,
", Of Glouster, VA",,1,,,,38.2971472,-77.5320322,True,US,United States
"Warner Hall, Gloucester Co, VA",,1,,,,37.3396678,-76.4746982,True,US,United States
", York, VA.",,1,,,,37.2230374,-76.5156945,True,US,United States
", Cumberland, VA",,1,,,,37.5004191,-78.2469202,True,US,United States
"Lancaster Co., VA.",,1,,,,37.7625738,-76.4723233,True,US,United States
"Gloucester Co., VA.",,1,,,,37.4452288,-76.5594479,True,US,United States
"Gloucester, VA.",,1,,,,37.4452288,-76.5594479,True,US,United States
Chesake,,1,,,,,,False,,
", , Wiltshire, England",,1,,,,51.324162,-1.9032487,True,GB,England
"Millenbeck, Lancaster Co., Virginia",,1,,,,37.6698613,-76.4885612,True,US,United States
", , England",,1,,,,52.5310214,-1.2649062,True,GB,England
"Millenbeck, Lancaster, VA",,1,,,,37.6698613,-76.4885612,True,US,United States
"London, London, England",,1,,,,51.5156177,-0.0919983,True,GB,England
", Richmond, Virginia",,1,,,,37.5385087,-77.43428,True,US,United States
Infant,,1,,,,40.9985238,0.8493534,True,ES,España
", , Virginia",,1,,,,37.1232245,-78.4927721,True,US,United States
", Nansemond, VA",,1,,,,36.7670938,-76.5307823,True,US,United States
", , , Holland",,1,,,,52.2434979,5.6343227,True,NL,Netherlands
"Christchurch, Middlesex, VA.",,1,,,,37.6048617,-76.5343958,True,US,United States
", Middlesex, VA",,1,,,,37.6221412,-76.5904374,True,US,United States
", Middlesex, Virginia",,1,,,,37.6221412,-76.5904374,True,US,United States
", Middlesex Cnty, Virginia",,1,,,,37.1232245,-78.4927721,True,US,United States
", King George Co., VA",,1,,,,38.2786312,-77.175356,True,US,United States
", Essex, VA",,1,,,,37.9140592,-76.9326385,True,US,United States
"Sulgrave, Northamptonshire, England",,1,,,,52.1061958,-1.1915121,True,GB,England
"Little Creston, Northampton, England",,1,,,,52.2343297,-0.9028043,True,GB,England
"Tring, Hereford, England",,1,,,,52.0553813,-2.7151735,True,GB,England
"Spratton, Northamptonshire, England",,1,,,,52.3228736,-0.9477577,True,GB,England
England,,1,,,,52.5310214,-1.2649062,True,GB,England
"Tring, Herts",,1,,,,51.7940357,-0.6609205,True,GB,United Kingdom
Virginia,,1,,,,37.1232245,-78.4927721,True,US,United States
", Of Gloucester, England",,1,,,,51.9610563,-2.301999,True,GB,England
"Bristol, Gloucestershire, Eng",,1,,,,51.8527674,-2.2553694,True,GB,United Kingdom
"Briston, , , England",,1,,,,51.4538022,-2.5972985,True,GB,England
", St. Marys Co., MD",,1,,,,38.412926,-76.6077923,True,US,United States
"St. Mary'S Par., Maryland",,1,,,,39.5162401,-76.9382069,True,US,United States
", St Mary'S, MD",,1,,,,38.206621,-76.5389973,True,US,United States
Eng,,1,,,,52.5310214,-1.2649062,True,GB,United Kingdom
"Of, Gloucester, VA",,1,,,,37.5594972,-76.5679782,True,US,United States
"Norfolkshire, England",,1,,,,52.5310214,-1.2649062,True,GB,England
"Stone Edge, Lancashire, England",,1,,,,53.8633908,-2.2075841,True,GB,England
"Warner Hall, Gloucester, Virginia",,1,,,,37.3396678,-76.4746982,True,US,United States
"Linkenholt Manor, Hampshire, England",,1,,,,51.3181076,-1.4889138,True,GB,England
"Yorkco, VA",,1,,,,41.903411,12.4528527,True,VA,Civitas Vaticana - Città del Vaticano
"Of Elizabeth City Co., VA",,1,,,,41.903411,12.4528527,True,VA,Civitas Vaticana - Città del Vaticano
Will Processed,,1,,,,,,False,,
"Of York Co., VA",,1,,,,40.8672004,-73.9055107,True,US,United States
"York Co, , VA",,1,,,,37.2230374,-76.5156945,True,US,United States
"New Haven, New Haven, CT",,1,,,,41.2976052,-72.9265437,True,US,United States
"Wiltshire, , Eng",,1,,,,51.324162,-1.9032487,True,GB,United Kingdom
"Watertown, , Ma?",,1,,,,42.3652576,-71.1843234,True,US,United States
"Wilshire, England",,1,,,,51.449247,-2.5089459,True,GB,England
"Salisbury, Massachusetts",,1,,,,42.8418855,-70.8602328,True,US,United States
"New Haven, New Haven Co., Connecticut",,1,,,,41.317081,-72.9401956,True,US,United States
"New Haven, Connecticut",,1,,,,41.3082138,-72.9250518,True,US,United States
"Springfield, , Massachusetts",,1,,,,42.1018764,-72.5886727,True,US,United States
"Springfield, Hampden, MA",,1,,,,42.1018764,-72.5886727,True,US,United States
"Boveney, , , Eng",,1,,,,51.4910492,-0.6507385,True,GB,United Kingdom
"Middlesex County, VA",,1,,,,37.6221412,-76.5904374,True,US,United States
"Sulgrave, Northampton, Eng",,1,,,,52.2451778,-0.9182112,True,GB,United Kingdom
"Brington, Northamptonshire, England",,1,,,,52.2683065,-1.036296,True,GB,England
"Aston-Le-Walls, , , England",,1,,,,52.1546172,-1.2742734,True,GB,England
"Tighes, Surrey, Eng",,1,,,,51.2715316,-0.3414524,True,GB,United Kingdom
"Thrapston, Northants, Eng",,1,,,,52.3106138,-0.865913,True,GB,United Kingdom
"Packington, Leics, Eng",,1,,,,52.5100779,-0.9501074,True,GB,United Kingdom
"Brington, Northants, Eng",,1,,,,52.3106138,-0.865913,True,GB,United Kingdom
"Althrop, Northants, Eng",,1,,,,52.3106138,-0.865913,True,GB,United Kingdom
"Madrid, Spain",,1,,,,40.416782,-3.703507,True,ES,Spain
Great Brington,,1,,,,52.2791465,-1.0251429,True,GB,United Kingdom
"Wormleighton, Warwickshire",,1,,,,52.1790224,-1.3451912,True,GB,United Kingdom
"Wormleighton, Warws, Eng",,1,,,,52.5310214,-1.2649062,True,GB,United Kingdom
"Of, Little Creston, Northants, England",,1,,,,52.3106138,-0.865913,True,GB,England
"Of, Great Creaton, Northants, England",,1,,,,52.3106138,-0.865913,True,GB,England
Linkenholt Eng.,,1,,,,51.3198054,-1.4762773,True,GB,United Kingdom
London Eng.,,1,,,,51.5074456,-0.1277653,True,GB,United Kingdom
"Of, , Yorkshire, England",,1,,,,53.5948684,-1.3788695,True,GB,England
"Yorktown, Va, U.S.A.",,1,,,,37.2356655,-76.5136495,True,US,USA
"Elizabethcity, VA",,1,,,,41.903411,12.4528527,True,VA,Civitas Vaticana - Città del Vaticano
", , , Eng",,1,,,,52.5310214,-1.2649062,True,GB,United Kingdom
"Elizabeth City, VA",,1,,,,36.8639003,-76.3079924,True,US,United States
"Norfolk, Elizabethcity, VA",,1,,,,41.903411,12.4528527,True,VA,Civitas Vaticana - Città del Vaticano
"Wokingham, Berkshsire, England",,1,,,,52.5310214,-1.2649062,True,GB,England
"Of, , Wiltshire, Eng",,1,,,,51.0690613,-1.7954134,True,GB,United Kingdom
"Ruscombe, Comitatis, Berkshire, England",,1,,,,51.4534889,-1.031873,True,GB,England
"Ruscambe, , Eng",,1,,,,52.5310214,-1.2649062,True,GB,United Kingdom
"Of, Wiltshire, England",,1,,,,51.0648886,-1.7948028,True,GB,England
"Boveny Parish, Burnham, Buckingham, Eng",,1,,,,51.5362073,-0.6571411,True,GB,United Kingdom
"Parish Burnham, Buckingham, Eng",,1,,,,51.5692833,-0.6529766,True,GB,United Kingdom
"Of Burnham, Boven, Eng",,1,,,,52.5310214,-1.2649062,True,GB,United Kingdom
"Of Burnham, Buckingham, Eng",,1,,,,51.5356133,-0.6589748,True,GB,United Kingdom
"Burnham, Bucks, England",,1,,,,51.7834994,-0.8946441,True,GB,England
"Burnham, Boveney, Bucks, England",,1,,,,51.7834994,-0.8946441,True,GB,England
"Hadley, Hampshire, MA",,1,,,,42.3423259,-72.5891221,True,US,United States
"South Isle Of Church, Sulgrave",,1,,,,52.1061958,-1.1915121,True,GB,United Kingdom
"Of Radway, Warwickshire, England",,1,,,,52.3213064,-1.5536906,True,GB,England
"Of Whitefield, Lancs., Eng.",,1,,,,53.8378282,-2.2105512,True,GB,United Kingdom
"Sulgrave, Northants, Eng",,1,,,,52.3106138,-0.865913,True,GB,United Kingdom
Will Dated,,1,,,,,,False,,
"Tyes Hall, Cuckfield, Sussex, England",,1,,,,51.0055129,-0.1393153,True,GB,England
"Of, Tighes, Surrey, England",,1,,,,51.2715316,-0.3414524,True,GB,England
"Palstarr, , Lancaster, England",,1,,,,54.0488219,-2.8013499,True,GB,England
"Of, Faccombe, Hertfordshire, England",,1,,,,51.8400523,-0.0978552,True,GB,England
", Linkenwilt",,1,,,,,,False,,
"Of, Kent, England",,1,,,,51.4269241,0.3612985,True,GB,England
"Of, , Kent",,1,,,,41.6722912,-71.602762,True,US,United States
"Kent Manor, Linkenholt, Southhamptonshir, Eng.",,1,,,,52.5310214,-1.2649062,True,GB,United Kingdom
", Faccombe, , England",,1,,,,51.3171692,-1.4425384,True,GB,England
"Haines Hillhurst, Parish, Berkshire",,1,,,,51.4514323,-0.9881486,True,GB,United Kingdom
"Scrivelsby, Lincolnshire, England",,1,,,,53.1780161,-0.1023101,True,GB,England
"Boveney, , Bucks., Eng",,1,,,,51.7834994,-0.8946441,True,GB,United Kingdom
"Dorney, Bucks, England",,1,,,,51.7834994,-0.8946441,True,GB,England
"Binfield, , Berks., Eng",,1,,,,51.4312752,-0.7732314,True,GB,United Kingdom
"Binfield, Berkshire, Eng",,1,,,,51.4312752,-0.7732314,True,GB,United Kingdom
"Boveney, Bucks, England",,1,,,,51.7834994,-0.8946441,True,GB,England
"Of Burnham, , Eng",,1,,,,51.5185174,-0.6263098,True,GB,United Kingdom
"Tewhitefield, Lancashire, England",,1,,,,53.8611712,-2.5650945,True,GB,England
"Sulgrave Manor, Northamps, Eng",,1,,,,52.5310214,-1.2649062,True,GB,United Kingdom
"Gretworth, Northamptonshire, Eng",,1,,,,52.3106138,-0.865913,True,GB,United Kingdom
"Of, Sulgrave, Northampton, England",,1,,,,52.2451778,-0.9182112,True,GB,England
"Greys Inn, Middlesex, England",,1,,,,51.5460558,-0.2537791,True,GB,England
"Grays Inn London, , Eng",,1,,,,51.5190382,-0.1114304,True,GB,United Kingdom
"Radway, Grange, Oxfordshire, Eng",,1,,,,52.07588,-1.3685633,True,GB,United Kingdom
"Radway, Warricks, Eng",,1,,,,52.5310214,-1.2649062,True,GB,United Kingdom
"Of, Wallop, Hants, England",,1,,,,50.9125822,-1.3975608,True,GB,England
"Kyme, Lincolnshire, England",,1,,,,53.0284973,-0.2511855,True,GB,England
"Of Scrivelsby, Lindssay, Lincolnshire, England",,1,,,,53.1823034,-0.2031209,True,GB,England
"Boveney Buckinghamshire, England",,1,,,,51.4910492,-0.6507385,True,GB,England
"Wardville, Berkshire, Eng",,1,,,,51.4534889,-1.031873,True,GB,United Kingdom
"Of Boveney, Bckngh, England",,1,,,,52.5310214,-1.2649062,True,GB,England
"Of Binfield, Berks, England",,1,,,,51.4658779,-0.7748399,True,GB,England
"Of Aberfelde, Berks, Eng",,1,,,,51.4534889,-1.031873,True,GB,United Kingdom
"Arborfield, Berks, Eng",,1,,,,51.3963375,-0.9054306,True,GB,United Kingdom
"Of Dorney, Bucks, Eng",,1,,,,51.7834994,-0.8946441,True,GB,United Kingdom
", Wharton, Lancashire, England",,1,,,,53.6037703,-2.9343637,True,GB,England
"Greatworth, Northamps, Eng",,1,,,,52.5310214,-1.2649062,True,GB,United Kingdom
"St. Katherine'S, Aisle, Greatworth, Church",,1,,,,52.0770068,-1.1959081,True,GB,United Kingdom
"Charwelton, Northamps, Eng",,1,,,,52.5310214,-1.2649062,True,GB,United Kingdom
"Shattiswell, Warwick, Eng",,1,,,,52.2814519,-1.5815742,True,GB,United Kingdom
"Horley, Oxford, , Eng",,1,,,,51.7520131,-1.2578499,True,GB,United Kingdom
"Horley, Warwick, , Eng",,1,,,,52.2814519,-1.5815742,True,GB,United Kingdom
"Pillerton, Warwick, , Eng",,1,,,,52.1363333,-1.5625084,True,GB,United Kingdom
"Of, London, Middlesex, England",,1,,,,51.5161738,-0.0761823,True,GB,England
"Of, Gawthorpe, York, England",,1,,,,53.9656579,-1.0743052,True,GB,England
"Buckingham, Berkshire, Eng",,1,,,,51.556681,-0.7229044,True,GB,United Kingdom
", , Eng",,1,,,,52.5310214,-1.2649062,True,GB,United Kingdom
"Of, Par. Of Burnham, Buckinghamshire, England",,1,,,,51.840894,-0.8998074,True,GB,England
"Of, Wardville, Berkshire, England",,1,,,,51.4534889,-1.031873,True,GB,England
"Basingstoke, Hants, Eng",,1,,,,50.9125822,-1.3975608,True,GB,United Kingdom
"Arborfield, Berkshire, England",,1,,,,51.3963375,-0.9054306,True,GB,England
"Warton, Lancs, Eng",,1,,,,54.1418786,-2.8123655,True,GB,United Kingdom
"Of, Warton, Lancashire, England",,1,,,,54.153376,-2.755655,True,GB,England
"Hengrave, Suffolk, England",,1,,,,52.2860353,0.6727342,True,GB,England
"Of, Fryston, York, England",,1,,,,53.7598705,-1.2337599,True,GB,England
"Bray, Berks, Eng",,1,,,,51.5069253,-0.7110987,True,GB,United Kingdom
"Aberfeldy, Pershore, England",,1,,,,52.1096993,-2.0754758,True,GB,England
"Of, Basingstoke, Berkshire, England",,1,,,,51.4356541,-0.9682938,True,GB,England
"Of, Itchell, Hampshire, England",,1,,,,51.2911904,-0.847955,True,GB,England
"Sidmanton, Hants, Eng",,1,,,,50.9125822,-1.3975608,True,GB,United Kingdom
"Warton Lonesdale, Lancs, Eng",,1,,,,53.8611743,-2.547115,True,GB,United Kingdom
"Of, Oversly, Warwickshire, England",,1,,,,52.3213064,-1.5536906,True,GB,England
"Of, Oversley, , England",,1,,,,53.350703,-2.2665186,True,GB,England
"Of, Wornsley",,1,,,,,,False,,
"Of, Newton Kyme, , England",,1,,,,53.8984388,-1.2952849,True,GB,England
"Of, Burghwallis, , England",,1,,,,53.6000851,-1.187771,True,GB,England
"Of, Gowthorpe, Yorkshire, England",,1,,,,53.9810347,-0.837235,True,GB,England
", Leckonfield, Yorkshire, England",,1,,,,53.9825271,-1.38525,True,GB,England
"Battle Of, Towtown, Yorkshire, England",,1,,,,53.9825271,-1.38525,True,GB,England
"Of, Leconfield, Yorkshire, England",,1,,,,53.8834471,-0.4435804,True,GB,England
"Manor, Cocks Lodge Near, Topcliffe, Yorkshire, England",,1,,,,54.1781348,-1.3871054,True,GB,England
(40-1489),,1,,,,49.0709373,14.9071748,True,CZ,Česko
"Of, England",,1,,,,52.5051933,-2.0159865,True,GB,England
"Of Barkham, Berks, Eng",,1,,,,51.4534889,-1.031873,True,GB,United Kingdom
"Of, Newbury, Berkshire, England",,1,,,,51.3968471,-1.3249375,True,GB,England
"Of, Aldwark, Yorkshire, England",,1,,,,54.0689002,-1.28041,True,GB,England
"Of, Monston, Yorkshire, England",,1,,,,53.9825271,-1.38525,True,GB,England
Spm,,1,,,,49.9795824,6.6996207,True,DE,Deutschland
", Alnwick, Northumberland, England",,1,,,,55.4133398,-1.7072354,True,GB,England
"Battle Of, St Albans, Kent, England",,1,,,,51.3934788,0.190539,True,GB,England
", Berwick, Wiltshire, England",,1,,,,50.9853571,-2.0771314,True,GB,England
"Of, Raby, Durham, England",,1,,,,54.5910607,-1.8017245,True,GB,England
"Of, Warkworth, Yorkshire, England",,1,,,,53.9825271,-1.38525,True,GB,England
"Infant, , , England",,1,,,,51.4104104,-0.8275279,True,GB,England
"Sp Prob Infant, , , England",,1,,,,52.5310214,-1.2649062,True,GB,England
"Battle Of, Northampton, Northamptonshire, England",,1,,,,52.2343297,-0.9028043,True,GB,England
", Hedgeley Moor, Northumberland, England",,1,,,,55.4655667,-1.9070774,True,GB,England
", , Yorkshire, England",,1,,,,53.9825271,-1.38525,True,GB,England
"Vp, Orleans, , France",,1,,,,47.9278966,1.9180413,True,FR,France
"Of, Beverstone, Gloucestershire, England",,1,,,,51.6432869,-2.2005697,True,GB,England
"Of, Cubberley, Gloucestershire, England",,1,,,,51.7643786,-2.1880662,True,GB,England
"Of, Newbury, Gloucestershire, England",,1,,,,51.5040063,-2.4920541,True,GB,England
Of Tewitfield,,1,,,,,,False,,
"Of, Harewood, Yorkshire, England",,1,,,,53.9010438,-1.5111773,True,GB,England
"Of, Micklefield, Yorkshire, England",,1,,,,53.7943276,-1.3293873,True,GB,England
", Shrewsbury, Shropshire, England",,1,,,,52.707755,-2.7540658,True,GB,England
", Usk, Monmouthshire, England",,1,,,,51.4818832,-2.7686972,True,GB,England
"Of Castle Raby, Raby With Keverstone, Durham, England",,1,,,,54.5937943,-1.8190963,True,GB,England
"Chateau De Beaufort, Meuse-et-Loire, France",,1,,,,47.4230544,0.8905783,True,FR,France
(61-1425),,1,,,,36.0032435,-105.9552006,True,US,United States
", Howden, Yorkshire, England",,1,,,,53.7473189,-0.8622549,True,GB,England
", Wakefield, Yorkshire, England",,1,,,,53.6829541,-1.4967286,True,GB,England
Died Young,,1,,,,,,False,,
"Of, , Westmorland, England",,1,,,,53.6835789,-1.4968547,True,GB,England
Sp,,1,,,,44.238366,9.6912326,True,IT,Italia
", Raby, Durham, England",,1,,,,54.5910607,-1.8017245,True,GB,England
", Berkhamsted, Hertfordshire, England",,1,,,,51.7607271,-0.5652554,True,GB,England
"Of Raby With Keverstone, Staindrop, Durham, England",,1,,,,54.5800156,-1.8068071,True,GB,England
"Okeford, Fitzpaine, Dorset, England",,1,,,,50.9026432,-2.2726175,True,GB,England
Orleans,,1,,,,47.9027336,1.9086066,True,FR,France
"Wotton, Gloucestershire, England",,1,,,,51.8690821,-2.2304022,True,GB,England
"Beverstone, Gloucs., , England",,1,,,,52.5310214,-1.2649062,True,GB,England
"Of, Itchell, Southampton, England",,1,,,,50.9025349,-1.404189,True,GB,England
"Of Basing, Hampshire, England",,1,,,,51.2889702,-1.0447215,True,GB,England
"Of Hinton-St. George, Somersetshire, England",,1,,,,50.9093898,-2.8282672,True,GB,England
(88-1571/1572),,1,,,,37.5164595,126.9221918,True,KR,South Korea
"Basing, Hampshire, Eng",,1,,,,51.2712823,-1.046029,True,GB,United Kingdom
"Of, Crandal, Hampshire, England",,1,,,,51.0449814,-1.2433133,True,GB,England
"Of Herriard, Hampshire, Eng.",,1,,,,51.0449814,-1.2433133,True,GB,United Kingdom
"Of, Littlecote, Wiltshire, England",,1,,,,51.4333419,-1.5694908,True,GB,England
(40-1467),,1,,,,47.8421665,18.2481705,True,SK,Slovensko
(30-1492/1493),,1,,,,46.2960951,14.8057772,True,SI,Slovenia
Unmarried,,1,,,,-33.4596678,149.5481193,True,AU,Australia
Gray's Inn,,1,,,,51.520415,-0.1138437,True,GB,United Kingdom
Holland,,1,,,,52.2434979,5.6343227,True,NL,Netherlands
", Middlesex Co, VA",,1,,,,37.6221412,-76.5904374,True,US,United States
"Hoe, Norfolk, England",,1,,,,52.7184506,0.9472305,True,GB,England
"St. Mary, Hellesdon, Norfolk, England",,1,,,,52.6486234,1.2515655,True,GB,England
"Stonehedge, , , England",,1,,,,50.7047622,-3.5394457,True,GB,England
"Colne, Lancashire, England",,1,,,,53.8567728,-2.1691238,True,GB,England
"Of, Stonehedge, Lancaster, England",,1,,,,54.0488219,-2.8013499,True,GB,England
"Of, Windlehouse, Lancaster, England",,1,,,,54.0488219,-2.8013499,True,GB,England
"Burgh, Suffolk, England",,1,,,,52.1166641,1.2584744,True,GB,England
"Aldham, Suffolk, , England",,1,,,,52.0632432,0.9717538,True,GB,England
"Of, Aldham, Suffolk, England",,1,,,,52.0632432,0.9717538,True,GB,England
"Of, Maldon, Essex, England",,1,,,,51.7952538,0.7823023,True,GB,England
"Hoe, , , England",,1,,,,52.7184506,0.9472305,True,GB,England
"St. Michael, Plea, , England",,1,,,,52.6305193,1.2972286,True,GB,England
"Of, Barnside, Lancaster, England",,1,,,,54.0488219,-2.8013499,True,GB,England
"Workingham, Berkshire, , Eng",,1,,,,51.4534889,-1.031873,True,GB,United Kingdom
Burbage,,1,,,,52.5279306,-1.3486528,True,GB,United Kingdom
"Of, Roscombe, , England",,1,,,,54.5652818,-2.9131428,True,GB,England
"Of, Cuckfield, Sussex, England",,1,,,,51.0094539,-0.1345285,True,GB,England
"Of, Linkenholt Manor, Hants, England",,1,,,,50.9125822,-1.3975608,True,GB,England
"Barkham, Berkshire, England",,1,,,,51.4031075,-0.8733698,True,GB,England
"Barkham Manor, Barkham, Berkshsire, England",,1,,,,52.5310214,-1.2649062,True,GB,England
