person_id,name,severity,issue_type,message
@I17@,Martha BALL,warning,implausible_age,"Person would be 351 years old if alive today (born 1675), which exceeds maximum plausible age of 122; inferred death date range will be added"
@I35@,Augustine WARNER,warning,implausible_age,"Person would be 355 years old if alive today (born 1671), which exceeds maximum plausible age of 122; inferred death date range will be added"
@I37@,Mildred WARNER,warning,implausible_age,"Person would be 353 years old if alive today (born 1673), which exceeds maximum plausible age of 122; inferred death date range will be added"
@I38@,George WARNER,warning,implausible_age,"Person would be 352 years old if alive today (born 1674), which exceeds maximum plausible age of 122; inferred death date range will be added"
@I44@,Richard BALL,warning,implausible_age,"Person would be 385 years old if alive today (born 1641), which exceeds maximum plausible age of 122; inferred death date range will be added"
@I45@,William BALL,warning,implausible_age,"Person would be 383 years old if alive today (born 1643), which exceeds maximum plausible age of 122; inferred death date range will be added"
@I47@,Joseph BALL,warning,implausible_age,"Person would be 376 years old if alive today (born 1650), which exceeds maximum plausible age of 122; inferred death date range will be added"
@I48@,Hannah BALL,warning,implausible_age,"Person would be 375 years old if alive today (born 1651), which exceeds maximum plausible age of 122; inferred death date range will be added"
@I50@,Mary DOODES,warning,implausible_age,"Person would be 384 years old if alive today (born 1642), which exceeds maximum plausible age of 122; inferred death date range will be added"
@I51@,Mary MONTEQUE,warning,implausible_age,"Person would be 384 years old if alive today (born 1642), which exceeds maximum plausible age of 122; inferred death date range will be added"
@I60@,Martha WASHINGTON,warning,implausible_age,"Person would be 399 years old if alive today (born 1627), which exceeds maximum plausible age of 122; inferred death date range will be added"
@I61@,Margaret WASHINGTON,warning,implausible_age,"Person would be 399 years old if alive today (born 1627), which exceeds maximum plausible age of 122; inferred death date range will be added"
@I68@,Elizabeth POPE,warning,implausible_age,"Person would be 392 years old if alive today (born 1634), which exceeds maximum plausible age of 122; inferred death date range will be added"
@I69@,Nathaniel POPE,warning,implausible_age,"Person would be 391 years old if alive today (born 1635), which exceeds maximum plausible age of 122; inferred death date range will be added"
@I72@,Margaret POPE,warning,implausible_age,"Person would be 384 years old if alive today (born 1642), which exceeds maximum plausible age of 122; inferred death date range will be added"
@I73@,Nathaniel POPE,warning,implausible_age,"Person would be 384 years old if alive today (born 1642), which exceeds maximum plausible age of 122; inferred death date range will be added"
@I74@,John POPE,warning,implausible_age,"Person would be 382 years old if alive today (born 1644), which exceeds maximum plausible age of 122; inferred death date range will be added"
@I79@,Sarah WARNER,warning,implausible_age,"Person would be 382 years old if alive today (born 1644), which exceeds maximum plausible age of 122; inferred death date range will be added"
@I82@,George READE,warning,implausible_age,"Person would be 386 years old if alive today (born 1640), which exceeds maximum plausible age of 122; inferred death date range will be added"
@I87@,Elizabeth READE,warning,implausible_age,"Person would be 375 years old if alive today (born 1651), which exceeds maximum plausible age of 122; inferred death date range will be added"
@I88@,Ann READE,warning,implausible_age,"Person would be 374 years old if alive today (born 1652), which exceeds maximum plausible age of 122; inferred death date range will be added"
@I89@,Margaret READE,warning,implausible_age,"Person would be 372 years old if alive today (born 1654), which exceeds maximum plausible age of 122; inferred death date range will be added"
@I90@,Thomas READE,warning,implausible_age,"Person would be 359 years old if alive today (born 1667), which exceeds maximum plausible age of 122; inferred death date range will be added"
@I92@,Alice WALTHAM,warning,implausible_age,"Person would be 453 years old if alive today (born 1573), which exceeds maximum plausible age of 122; inferred death date range will be added"
@I94@,Samuel BALL,warning,implausible_age,"Person would be 434 years old if alive today (born 1592), which exceeds maximum plausible age of 122; inferred death date range will be added"
@I95@,Richard BALL,warning,implausible_age,"Person would be 432 years old if alive today (born 1594), which exceeds maximum plausible age of 122; inferred death date range will be added"
@I100@,Samuel BALL,warning,implausible_age,"Person would be 425 years old if alive today (born 1601), which exceeds maximum plausible age of 122; inferred death date range will be added"
@I104@,Cicely MATTHEW,warning,implausible_age,"Person would be 426 years old if alive today (born 1600), which exceeds maximum plausible age of 122; inferred death date range will be added"
@I106@,Ellen MONTAGUE,warning,implausible_age,"Person would be 394 years old if alive today (born 1632), which exceeds maximum plausible age of 122; inferred death date range will be added"
@I107@,Elizabeth MONTAGUE,warning,implausible_age,"Person would be 390 years old if alive today (born 1636), which exceeds maximum plausible age of 122; inferred death date range will be added"
@I109@,Sarah MONTAGUE,warning,implausible_age,"Person would be 388 years old if alive today (born 1638), which exceeds maximum plausible age of 122; inferred death date range will be added"
@I110@,Margaret MONTAGUE,warning,implausible_age,"Person would be 386 years old if alive today (born 1640), which exceeds maximum plausible age of 122; inferred death date range will be added"
@I111@,Ann MONTAGUE,warning,implausible_age,"Person would be 358 years old if alive today (born 1668), which exceeds maximum plausible age of 122; inferred death date range will be added"
@I112@,Elizabeth MONTAGUE,warning,implausible_age,"Person would be 356 years old if alive today (born 1670), which exceeds maximum plausible age of 122; inferred death date range will be added"
@I113@,Margaret MONTAGUE,warning,implausible_age,"Person would be 354 years old if alive today (born 1672), which exceeds maximum plausible age of 122; inferred death date range will be added"
@I114@,Ellen MONTAGUE,warning,implausible_age,"Person would be 352 years old if alive today (born 1674), which exceeds maximum plausible age of 122; inferred death date range will be added"
@I119@,Robert WASHINGTON,warning,implausible_age,"Person would be 435 years old if alive today (born 1591), which exceeds maximum plausible age of 122; inferred death date range will be added"
@I120@,Richard WASHINGTON,warning,implausible_age,"Person would be 435 years old if alive today (born 1591), which exceeds maximum plausible age of 122; inferred death date range will be added"
@I122@,Elizabeth WASHINGTON,warning,implausible_age,"Person would be 431 years old if alive today (born 1595), which exceeds maximum plausible age of 122; inferred death date range will be added"
@I123@,Lucy WASHINGTON,warning,implausible_age,"Person would be 430 years old if alive today (born 1596), which exceeds maximum plausible age of 122; inferred death date range will be added"
@I124@,Jane WASHINGTON,warning,implausible_age,"Person would be 428 years old if alive today (born 1598), which exceeds maximum plausible age of 122; inferred death date range will be added"
@I127@,Margaret WASHINGTON,warning,implausible_age,"Person would be 422 years old if alive today (born 1604), which exceeds maximum plausible age of 122; inferred death date range will be added"
@I130@,Alice WASHINGTON,warning,implausible_age,"Person would be 416 years old if alive today (born 1610), which exceeds maximum plausible age of 122; inferred death date range will be added"
@I131@,Joan WASHINGTON,warning,implausible_age,"Person would be 415 years old if alive today (born 1611), which exceeds maximum plausible age of 122; inferred death date range will be added"
@I132@,Frances WASHINGTON,warning,implausible_age,"Person would be 413 years old if alive today (born 1613), which exceeds maximum plausible age of 122; inferred death date range will be added"
@I140@,Sarah MARTIAU,warning,implausible_age,"Person would be 401 years old if alive today (born 1625), which exceeds maximum plausible age of 122; inferred death date range will be added"
@I142@,Sarah MARTIAU,warning,implausible_age,"Person would be 397 years old if alive today (born 1629), which exceeds maximum plausible age of 122; inferred death date range will be added"
@I143@,Richard MARTIAU,warning,implausible_age,"Person would be 396 years old if alive today (born 1630), which exceeds maximum plausible age of 122; inferred death date range will be added"
@I146@,Rachel BALL,warning,implausible_age,"Person would be 458 years old if alive today (born 1568), which exceeds maximum plausible age of 122; inferred death date range will be added"
@I148@,Richard BALL,warning,implausible_age,"Person would be 449 years old if alive today (born 1577), which exceeds maximum plausible age of 122; inferred death date range will be added"
@I149@,George BALL,warning,implausible_age,"Person would be 447 years old if alive today (born 1579), which exceeds maximum plausible age of 122; inferred death date range will be added"
@I150@,Samuel BALL,warning,implausible_age,"Person would be 445 years old if alive today (born 1581), which exceeds maximum plausible age of 122; inferred death date range will be added"
@I151@,Rachel BALL,warning,implausible_age,"Person would be 443 years old if alive today (born 1583), which exceeds maximum plausible age of 122; inferred death date range will be added"
@I152@,Elizabeth BALL,warning,implausible_age,"Person would be 441 years old if alive today (born 1585), which exceeds maximum plausible age of 122; inferred death date range will be added"
@I153@,Susan BALL,warning,implausible_age,"Person would be 439 years old if alive today (born 1587), which exceeds maximum plausible age of 122; inferred death date range will be added"
@I154@,Als (Sic) BALL,warning,implausible_age,"Person would be 437 years old if alive today (born 1589), which exceeds maximum plausible age of 122; inferred death date range will be added"
@I155@,Dorothy BALL,warning,implausible_age,"Person would be 435 years old if alive today (born 1591), which exceeds maximum plausible age of 122; inferred death date range will be added"
@I156@,Mary BALL,warning,implausible_age,"Person would be 433 years old if alive today (born 1593), which exceeds maximum plausible age of 122; inferred death date range will be added"
@I157@,Richard WALTHAM,warning,implausible_age,"Person would be 476 years old if alive today (born 1550), which exceeds maximum plausible age of 122; inferred death date range will be added"
@I160@,Robert MONTAGUE,warning,implausible_age,"Person would be 421 years old if alive today (born 1605), which exceeds maximum plausible age of 122; inferred death date range will be added"
@I161@,William MONTAGUE,warning,implausible_age,"Person would be 416 years old if alive today (born 1610), which exceeds maximum plausible age of 122; inferred death date range will be added"
@I162@,Ann MONTAGUE,warning,implausible_age,"Person would be 415 years old if alive today (born 1611), which exceeds maximum plausible age of 122; inferred death date range will be added"
@I166@,Elizabeth MONTAGUE,warning,implausible_age,"Person would be 408 years old if alive today (born 1618), which exceeds maximum plausible age of 122; inferred death date range will be added"
@I168@,Anne MONTAGUE,warning,implausible_age,"Person would be 406 years old if alive today (born 1620), which exceeds maximum plausible age of 122; inferred death date range will be added"
@I169@,Margaret MONTAGUE,warning,implausible_age,"Person would be 404 years old if alive today (born 1622), which exceeds maximum plausible age of 122; inferred death date range will be added"
@I175@,William WASHINGTON,warning,implausible_age,"Person would be 451 years old if alive today (born 1575), which exceeds maximum plausible age of 122; inferred death date range will be added"
@I177@,Thomas WASHINGTON,warning,implausible_age,"Person would be 449 years old if alive today (born 1577), which exceeds maximum plausible age of 122; inferred death date range will be added"
@I178@,Anne Or Amy WASHINGTON,warning,implausible_age,"Person would be 447 years old if alive today (born 1579), which exceeds maximum plausible age of 122; inferred death date range will be added"
@I179@,Ursula WASHINGTON,warning,implausible_age,"Person would be 445 years old if alive today (born 1581), which exceeds maximum plausible age of 122; inferred death date range will be added"
@I180@,Elizabeth WASHINGTON,warning,implausible_age,"Person would be 443 years old if alive today (born 1583), which exceeds maximum plausible age of 122; inferred death date range will be added"
@I181@,William BUTLER,warning,implausible_age,"Person would be 486 years old if alive today (born 1540), which exceeds maximum plausible age of 122; inferred death date range will be added"
@I191@,Margaret MALTHOUSE,warning,implausible_age,"Person would be 468 years old if alive today (born 1558), which exceeds maximum plausible age of 122; inferred death date range will be added"
@I192@,William MONTAGUE,warning,implausible_age,"Person would be 453 years old if alive today (born 1573), which exceeds maximum plausible age of 122; inferred death date range will be added"
@I193@,William MONTAGUE,warning,implausible_age,"Person would be 453 years old if alive today (born 1573), which exceeds maximum plausible age of 122; inferred death date range will be added"
@I194@,Elizabeth MALTHOUSE,warning,implausible_age,"Person would be 451 years old if alive today (born 1575), which exceeds maximum plausible age of 122; inferred death date range will be added"
@I195@,Elizabeth MONTAGUE,warning,implausible_age,"Person would be 451 years old if alive today (born 1575), which exceeds maximum plausible age of 122; inferred death date range will be added"
@I196@,Elizabeth MONTAGUE,warning,implausible_age,"Person would be 451 years old if alive today (born 1575), which exceeds maximum plausible age of 122; inferred death date range will be added"
@I197@,William MALTHOUSE,warning,implausible_age,"Person would be 450 years old if alive today (born 1576), which exceeds maximum plausible age of 122; inferred death date range will be added"
@I198@,Ann MONTAGUE,warning,implausible_age,"Person would be 449 years old if alive today (born 1577), which exceeds maximum plausible age of 122; inferred death date range will be added"
@I199@,Ann MONTAGUE,warning,implausible_age,"Person would be 449 years old if alive today (born 1577), which exceeds maximum plausible age of 122; inferred death date range will be added"
@I200@,Anne MALTHOUSE,warning,implausible_age,"Person would be 448 years old if alive today (born 1578), which exceeds maximum plausible age of 122; inferred death date range will be added"
@I201@,George MALTHOUSE,warning,implausible_age,"Person would be 447 years old if alive today (born 1579), which exceeds maximum plausible age of 122; inferred death date range will be added"
@I202@,George MONTAGUE,warning,implausible_age,"Person would be 445 years old if alive today (born 1581), which exceeds maximum plausible age of 122; inferred death date range will be added"
@I204@,Ellen,warning,implausible_age,"Person would be 476 years old if alive today (born 1550), which exceeds maximum plausible age of 122; inferred death date range will be added"
@I207@,William WASHINGTON,warning,implausible_age,"Person would be 480 years old if alive today (born 1546), which exceeds maximum plausible age of 122; inferred death date range will be added"
@I208@,John WASHINGTON,warning,implausible_age,"Person would be 478 years old if alive today (born 1548), which exceeds maximum plausible age of 122; inferred death date range will be added"
@I209@,Frances WASHINGTON,warning,implausible_age,"Person would be 476 years old if alive today (born 1550), which exceeds maximum plausible age of 122; inferred death date range will be added"
@I210@,Ann WASHINGTON,warning,implausible_age,"Person would be 474 years old if alive today (born 1552), which exceeds maximum plausible age of 122; inferred death date range will be added"
@I212@,Margaret WASHINGTON,warning,implausible_age,"Person would be 469 years old if alive today (born 1557), which exceeds maximum plausible age of 122; inferred death date range will be added"
@I213@,Elizabeth WASHINGTON,warning,implausible_age,"Person would be 466 years old if alive today (born 1560), which exceeds maximum plausible age of 122; inferred death date range will be added"
@I214@,Margaret WASHINGTON,warning,implausible_age,"Person would be 463 years old if alive today (born 1563), which exceeds maximum plausible age of 122; inferred death date range will be added"
@I215@,Barbara WASHINGTON,warning,implausible_age,"Person would be 450 years old if alive today (born 1576), which exceeds maximum plausible age of 122; inferred death date range will be added"
@I216@,Lawrence WASHINGTON,warning,implausible_age,"Person would be 447 years old if alive today (born 1579), which exceeds maximum plausible age of 122; inferred death date range will be added"
@I218@,Ursula WOODFORD,warning,implausible_age,"Person would be 507 years old if alive today (born 1519), which exceeds maximum plausible age of 122; inferred death date range will be added"
@I219@,Richard WINDIBANK,warning,implausible_age,"Person would be 494 years old if alive today (born 1532), which exceeds maximum plausible age of 122; inferred death date range will be added"
@I220@,Margaret Verch GRIFFITH,warning,implausible_age,"Person would be 492 years old if alive today (born 1534), which exceeds maximum plausible age of 122; inferred death date range will be added"
@I222@,Anne TALBOIS,warning,implausible_age,"Person would be 518 years old if alive today (born 1508), which exceeds maximum plausible age of 122; inferred death date range will be added"
@I224@,Margaret DYMOKE,warning,implausible_age,"Person would be 497 years old if alive today (born 1529), which exceeds maximum plausible age of 122; inferred death date range will be added"
@I226@,Elizabeth DYMOKE,warning,implausible_age,"Person would be 491 years old if alive today (born 1535), which exceeds maximum plausible age of 122; inferred death date range will be added"
@I227@,Dorothy DYMOKE,warning,implausible_age,"Person would be 488 years old if alive today (born 1538), which exceeds maximum plausible age of 122; inferred death date range will be added"
@I228@,Bridget DYMOKE,warning,implausible_age,"Person would be 482 years old if alive today (born 1544), which exceeds maximum plausible age of 122; inferred death date range will be added"
@I229@,Susan DYMOKE,warning,implausible_age,"Person would be 477 years old if alive today (born 1549), which exceeds maximum plausible age of 122; inferred death date range will be added"
@I230@,Frances DYMOKE,warning,implausible_age,"Person would be 476 years old if alive today (born 1550), which exceeds maximum plausible age of 122; inferred death date range will be added"
@I231@,Sarah DYMOKE,warning,implausible_age,"Person would be 474 years old if alive today (born 1552), which exceeds maximum plausible age of 122; inferred death date range will be added"
@I233@,Margery DYMOKE,warning,implausible_age,"Person would be 437 years old if alive today (born 1589), which exceeds maximum plausible age of 122; inferred death date range will be added"
@I235@,Margaret COTTON,warning,implausible_age,"Person would be 498 years old if alive today (born 1528), which exceeds maximum plausible age of 122; inferred death date range will be added"
@I236@,Lawrence MONTAGUE,warning,implausible_age,"Person would be 485 years old if alive today (born 1541), which exceeds maximum plausible age of 122; inferred death date range will be added"
@I237@,Lawrence MONTAGUE,warning,implausible_age,"Person would be 480 years old if alive today (born 1546), which exceeds maximum plausible age of 122; inferred death date range will be added"
@I240@,William BULLOCK,warning,implausible_age,"Person would be 504 years old if alive today (born 1522), which exceeds maximum plausible age of 122; inferred death date range will be added"
@I245@,Thomas MALTHUS,warning,implausible_age,"Person would be 466 years old if alive today (born 1560), which exceeds maximum plausible age of 122; inferred death date range will be added"
@I248@,John ALLEN,warning,implausible_age,"Person would be 506 years old if alive today (born 1520), which exceeds maximum plausible age of 122; inferred death date range will be added"
@I250@,Margaret KITSON,warning,implausible_age,"Person would be 544 years old if alive today (born 1482), which exceeds maximum plausible age of 122; inferred death date range will be added"
@I251@,Nicholas WASHINGTON,warning,implausible_age,"Person would be 524 years old if alive today (born 1502), which exceeds maximum plausible age of 122; inferred death date range will be added"
@I252@,Leonard WASHINGTON,warning,implausible_age,"Person would be 521 years old if alive today (born 1505), which exceeds maximum plausible age of 122; inferred death date range will be added"
@I253@,Peter WASHINGTON,warning,implausible_age,"Person would be 519 years old if alive today (born 1507), which exceeds maximum plausible age of 122; inferred death date range will be added"
@I254@,Thomas WASHINGTON,warning,implausible_age,"Person would be 516 years old if alive today (born 1510), which exceeds maximum plausible age of 122; inferred death date range will be added"
@I255@,Jane WASHINGTON,warning,implausible_age,"Person would be 511 years old if alive today (born 1515), which exceeds maximum plausible age of 122; inferred death date range will be added"
@I257@,Anne KNIGHT,warning,implausible_age,"Person would be 536 years old if alive today (born 1490), which exceeds maximum plausible age of 122; inferred death date range will be added"
@I258@,William PARGITER,warning,implausible_age,"Person would be 534 years old if alive today (born 1492), which exceeds maximum plausible age of 122; inferred death date range will be added"
@I259@,Anthony PARGITER,warning,implausible_age,"Person would be 532 years old if alive today (born 1494), which exceeds maximum plausible age of 122; inferred death date range will be added"
@I260@,George PARGITER,warning,implausible_age,"Person would be 530 years old if alive today (born 1496), which exceeds maximum plausible age of 122; inferred death date range will be added"
@I261@,Edward PARGITER,warning,implausible_age,"Person would be 528 years old if alive today (born 1498), which exceeds maximum plausible age of 122; inferred death date range will be added"
@I262@,Mary PARGITER,warning,implausible_age,"Person would be 526 years old if alive today (born 1500), which exceeds maximum plausible age of 122; inferred death date range will be added"
@I263@,Anne PARGITER,warning,implausible_age,"Person would be 524 years old if alive today (born 1502), which exceeds maximum plausible age of 122; inferred death date range will be added"
@I264@,Cicely PARGITER,warning,implausible_age,"Person would be 520 years old if alive today (born 1506), which exceeds maximum plausible age of 122; inferred death date range will be added"
@I266@,Elizabeth WARDE,warning,implausible_age,"Person would be 522 years old if alive today (born 1504), which exceeds maximum plausible age of 122; inferred death date range will be added"
@I267@,Christopher LIGHT,warning,implausible_age,"Person would be 498 years old if alive today (born 1528), which exceeds maximum plausible age of 122; inferred death date range will be added"
@I268@,Johanne LIGHT,warning,implausible_age,"Person would be 496 years old if alive today (born 1530), which exceeds maximum plausible age of 122; inferred death date range will be added"
@I269@,Agnes LIGHT,warning,implausible_age,"Person would be 494 years old if alive today (born 1532), which exceeds maximum plausible age of 122; inferred death date range will be added"
@I271@,Anne SPARROW,warning,implausible_age,"Person would be 556 years old if alive today (born 1470), which exceeds maximum plausible age of 122; inferred death date range will be added"
@I272@,Margaret DYMOKE,warning,implausible_age,"Person would be 526 years old if alive today (born 1500), which exceeds maximum plausible age of 122; inferred death date range will be added"
@I273@,Arthur DYMOKE,warning,implausible_age,"Person would be 516 years old if alive today (born 1510), which exceeds maximum plausible age of 122; inferred death date range will be added"
@I278@,Roger COTTON,warning,implausible_age,"Person would be 518 years old if alive today (born 1508), which exceeds maximum plausible age of 122; inferred death date range will be added"
@I279@,Mrs Roger COTTON,warning,implausible_age,"Person would be 518 years old if alive today (born 1508), which exceeds maximum plausible age of 122; inferred death date range will be added"
@I281@,Anne,warning,implausible_age,"Person would be 526 years old if alive today (born 1500), which exceeds maximum plausible age of 122; inferred death date range will be added"
@I283@,Alice KINGSMILL,warning,implausible_age,"Person would be 526 years old if alive today (born 1500), which exceeds maximum plausible age of 122; inferred death date range will be added"
@I284@,William BULLOCK,warning,implausible_age,"Person would be 504 years old if alive today (born 1522), which exceeds maximum plausible age of 122; inferred death date range will be added"
@I286@,Thomas BULLOCK,warning,implausible_age,"Person would be 482 years old if alive today (born 1544), which exceeds maximum plausible age of 122; inferred death date range will be added"
@I287@,George BULLOCK,warning,implausible_age,"Person would be 480 years old if alive today (born 1546), which exceeds maximum plausible age of 122; inferred death date range will be added"
@I288@,John BULLOCK,warning,implausible_age,"Person would be 478 years old if alive today (born 1548), which exceeds maximum plausible age of 122; inferred death date range will be added"
@I289@,Gregory BULLOCK,warning,implausible_age,"Person would be 474 years old if alive today (born 1552), which exceeds maximum plausible age of 122; inferred death date range will be added"
@I290@,Dorothy BULLOCK,warning,implausible_age,"Person would be 472 years old if alive today (born 1554), which exceeds maximum plausible age of 122; inferred death date range will be added"
@I291@,Eleanor BULLOCK,warning,implausible_age,"Person would be 468 years old if alive today (born 1558), which exceeds maximum plausible age of 122; inferred death date range will be added"
@I292@,Margery BULLOCK,warning,implausible_age,"Person would be 466 years old if alive today (born 1560), which exceeds maximum plausible age of 122; inferred death date range will be added"
@I293@,Alice BULLOCK,warning,implausible_age,"Person would be 464 years old if alive today (born 1562), which exceeds maximum plausible age of 122; inferred death date range will be added"
@I294@,Jane BULLOCK,warning,implausible_age,"Person would be 463 years old if alive today (born 1563), which exceeds maximum plausible age of 122; inferred death date range will be added"
@I295@,Gilbert BULLOCK,warning,implausible_age,"Person would be 462 years old if alive today (born 1564), which exceeds maximum plausible age of 122; inferred death date range will be added"
@I297@,Elizabeth WESTFIELD,warning,implausible_age,"Person would be 582 years old if alive today (born 1444), which exceeds maximum plausible age of 122; inferred death date range will be added"
@I298@,Thomas WASHINGTON,warning,implausible_age,"Person would be 559 years old if alive today (born 1467), which exceeds maximum plausible age of 122; inferred death date range will be added"
@I299@,Eleanor WASHINGTON,warning,implausible_age,"Person would be 557 years old if alive today (born 1469), which exceeds maximum plausible age of 122; inferred death date range will be added"
@I300@,Robert KITSON,warning,implausible_age,"Person would be 566 years old if alive today (born 1460), which exceeds maximum plausible age of 122; inferred death date range will be added"
@I301@,Mrs Robert KITSON,warning,implausible_age,"Person would be 566 years old if alive today (born 1460), which exceeds maximum plausible age of 122; inferred death date range will be added"
@I303@,Thomas LIGHT,warning,implausible_age,"Person would be 548 years old if alive today (born 1478), which exceeds maximum plausible age of 122; inferred death date range will be added"
@I304@,Agnes,warning,implausible_age,"Person would be 546 years old if alive today (born 1480), which exceeds maximum plausible age of 122; inferred death date range will be added"
@I305@,Henry WARDE,warning,implausible_age,"Person would be 542 years old if alive today (born 1484), which exceeds maximum plausible age of 122; inferred death date range will be added"
@I306@,Anne BISHOP,warning,implausible_age,"Person would be 440 years old if alive today (born 1586), which exceeds maximum plausible age of 122; inferred death date range will be added"
@I308@,Margaret PERCY,warning,implausible_age,"Person would be 579 years old if alive today (born 1447), which exceeds maximum plausible age of 122; inferred death date range will be added"
@I310@,John GASCOIGNE,warning,implausible_age,"Person would be 558 years old if alive today (born 1468), which exceeds maximum plausible age of 122; inferred death date range will be added"
@I311@,Thomas GASCOIGNE,warning,implausible_age,"Person would be 556 years old if alive today (born 1470), which exceeds maximum plausible age of 122; inferred death date range will be added"
@I313@,Agnes GASCOIGNE,warning,implausible_age,"Person would be 552 years old if alive today (born 1474), which exceeds maximum plausible age of 122; inferred death date range will be added"
@I314@,Dorothy GASCOIGNE,warning,implausible_age,"Person would be 550 years old if alive today (born 1476), which exceeds maximum plausible age of 122; inferred death date range will be added"
@I315@,Elinor GASCOIGNE,warning,implausible_age,"Person would be 548 years old if alive today (born 1478), which exceeds maximum plausible age of 122; inferred death date range will be added"
@I316@,Anne GASCOIGNE,warning,implausible_age,"Person would be 547 years old if alive today (born 1479), which exceeds maximum plausible age of 122; inferred death date range will be added"
@I317@,Joan GASCOIGNE,warning,implausible_age,"Person would be 545 years old if alive today (born 1481), which exceeds maximum plausible age of 122; inferred death date range will be added"
@I318@,Maude GASCOIGNE,warning,implausible_age,"Person would be 543 years old if alive today (born 1483), which exceeds maximum plausible age of 122; inferred death date range will be added"
@I319@,Gilbert BULLOCK,warning,implausible_age,"Person would be 492 years old if alive today (born 1534), which exceeds maximum plausible age of 122; inferred death date range will be added"
@I320@,Margaret NORRIS,warning,implausible_age,"Person would be 568 years old if alive today (born 1458), which exceeds maximum plausible age of 122; inferred death date range will be added"
@I321@,Christopher BULLOCK,warning,implausible_age,"Person would be 467 years old if alive today (born 1559), which exceeds maximum plausible age of 122; inferred death date range will be added"
@I322@,Alice BULLOCK,warning,implausible_age,"Person would be 463 years old if alive today (born 1563), which exceeds maximum plausible age of 122; inferred death date range will be added"
@I323@,Anne BULLOCK,warning,implausible_age,"Person would be 461 years old if alive today (born 1565), which exceeds maximum plausible age of 122; inferred death date range will be added"
@I324@,Eleanor BULLOCK,warning,implausible_age,"Person would be 459 years old if alive today (born 1567), which exceeds maximum plausible age of 122; inferred death date range will be added"
@I326@,Jane GIFFARD,warning,implausible_age,"Person would be 502 years old if alive today (born 1524), which exceeds maximum plausible age of 122; inferred death date range will be added"
@I329@,WIFE,warning,implausible_age,"Person would be 620 years old if alive today (born 1406), which exceeds maximum plausible age of 122; inferred death date range will be added"
@I330@,John WASHINGTON,warning,implausible_age,"Person would be 596 years old if alive today (born 1430), which exceeds maximum plausible age of 122; inferred death date range will be added"
@I331@,Richard WASHINGTON,warning,implausible_age,"Person would be 594 years old if alive today (born 1432), which exceeds maximum plausible age of 122; inferred death date range will be added"
@I332@,John WESTFIELD,warning,implausible_age,"Person would be 608 years old if alive today (born 1418), which exceeds maximum plausible age of 122; inferred death date range will be added"
@I333@,Mrs-John WESTFIELD,warning,implausible_age,"Person would be 623 years old if alive today (born 1403), which exceeds maximum plausible age of 122; inferred death date range will be added"
@I335@,Joan NEVILLE,warning,implausible_age,"Person would be 583 years old if alive today (born 1443), which exceeds maximum plausible age of 122; inferred death date range will be added"
@I336@,Humphrey GASCOIGNE,warning,implausible_age,"Person would be 579 years old if alive today (born 1447), which exceeds maximum plausible age of 122; inferred death date range will be added"
@I337@,John GASCOIGNE,warning,implausible_age,"Person would be 577 years old if alive today (born 1449), which exceeds maximum plausible age of 122; inferred death date range will be added"
@I338@,Margaret GASCOIGNE,warning,implausible_age,"Person would be 573 years old if alive today (born 1453), which exceeds maximum plausible age of 122; inferred death date range will be added"
@I340@,Elizabeth GASCOIGNE,warning,implausible_age,"Person would be 553 years old if alive today (born 1473), which exceeds maximum plausible age of 122; inferred death date range will be added"
@I344@,Ralph PERCY,warning,implausible_age,"Person would be 586 years old if alive today (born 1440), which exceeds maximum plausible age of 122; inferred death date range will be added"
@I346@,Eleanor PERCY,warning,implausible_age,"Person would be 571 years old if alive today (born 1455), which exceeds maximum plausible age of 122; inferred death date range will be added"
@I348@,Robert BULLOCK,warning,implausible_age,"Person would be 524 years old if alive today (born 1502), which exceeds maximum plausible age of 122; inferred death date range will be added"
@I349@,Eleanor,warning,implausible_age,"Person would be 600 years old if alive today (born 1426), which exceeds maximum plausible age of 122; inferred death date range will be added"
@I350@,William NORRIS,warning,implausible_age,"Person would be 598 years old if alive today (born 1428), which exceeds maximum plausible age of 122; inferred death date range will be added"
@I352@,Alice,warning,implausible_age,"Person would be 586 years old if alive today (born 1440), which exceeds maximum plausible age of 122; inferred death date range will be added"
@I353@,John (Henry) GIFFORD,warning,implausible_age,"Person would be 524 years old if alive today (born 1502), which exceeds maximum plausible age of 122; inferred death date range will be added"
@I354@,Joan (Johan) BRYDGES,warning,implausible_age,"Person would be 523 years old if alive today (born 1503), which exceeds maximum plausible age of 122; inferred death date range will be added"
@I356@,Alice GIFFARD,warning,implausible_age,"Person would be 500 years old if alive today (born 1526), which exceeds maximum plausible age of 122; inferred death date range will be added"
@I357@,Mary GIFFARD,warning,implausible_age,"Person would be 498 years old if alive today (born 1528), which exceeds maximum plausible age of 122; inferred death date range will be added"
@I359@,George GIFFARD,warning,implausible_age,"Person would be 494 years old if alive today (born 1532), which exceeds maximum plausible age of 122; inferred death date range will be added"
@I362@,Margaret CLARELL,warning,implausible_age,"Person would be 591 years old if alive today (born 1435), which exceeds maximum plausible age of 122; inferred death date range will be added"
@I363@,Robert GASCOIGNE,warning,implausible_age,"Person would be 600 years old if alive today (born 1426), which exceeds maximum plausible age of 122; inferred death date range will be added"
@I364@,John GASCOIGNE,warning,implausible_age,"Person would be 598 years old if alive today (born 1428), which exceeds maximum plausible age of 122; inferred death date range will be added"
@I367@,Amy GASCOIGNE,warning,implausible_age,"Person would be 592 years old if alive today (born 1434), which exceeds maximum plausible age of 122; inferred death date range will be added"
@I368@,Anne GASCOIGNE,warning,implausible_age,"Person would be 590 years old if alive today (born 1436), which exceeds maximum plausible age of 122; inferred death date range will be added"
@I369@,Margaret GASCOIGNE,warning,implausible_age,"Person would be 588 years old if alive today (born 1438), which exceeds maximum plausible age of 122; inferred death date range will be added"
@I371@,Elizabeth NEWMARCH,warning,implausible_age,"Person would be 606 years old if alive today (born 1420), which exceeds maximum plausible age of 122; inferred death date range will be added"
@I374@,Joan PERCY,warning,implausible_age,"Person would be 611 years old if alive today (born 1415), which exceeds maximum plausible age of 122; inferred death date range will be added"
@I385@,Richard KINGSMILL,warning,implausible_age,"Person would be 611 years old if alive today (born 1415), which exceeds maximum plausible age of 122; inferred death date range will be added"
@I386@,William GIFFORD,warning,implausible_age,"Person would be 544 years old if alive today (born 1482), which exceeds maximum plausible age of 122; inferred death date range will be added"
@I387@,Eleanor PAULET,warning,implausible_age,"Person would be 547 years old if alive today (born 1479), which exceeds maximum plausible age of 122; inferred death date range will be added"
@I388@,Alice GIFFARD,warning,implausible_age,"Person would be 523 years old if alive today (born 1503), which exceeds maximum plausible age of 122; inferred death date range will be added"
@I389@,Ann GIFFARD,warning,implausible_age,"Person would be 522 years old if alive today (born 1504), which exceeds maximum plausible age of 122; inferred death date range will be added"
@I390@,Mary GIFFARD,warning,implausible_age,"Person would be 521 years old if alive today (born 1505), which exceeds maximum plausible age of 122; inferred death date range will be added"
@I391@,Richard GIFFARD,warning,implausible_age,"Person would be 520 years old if alive today (born 1506), which exceeds maximum plausible age of 122; inferred death date range will be added"
@I392@,Jane GIFFARD,warning,implausible_age,"Person would be 518 years old if alive today (born 1508), which exceeds maximum plausible age of 122; inferred death date range will be added"
@I393@,Henry BRUGGE,warning,implausible_age,"Person would be 562 years old if alive today (born 1464), which exceeds maximum plausible age of 122; inferred death date range will be added"
@I394@,Miss HUNGERFORD,warning,implausible_age,"Person would be 558 years old if alive today (born 1468), which exceeds maximum plausible age of 122; inferred death date range will be added"
@I395@,Richard BRYDGES,warning,implausible_age,"Person would be 529 years old if alive today (born 1497), which exceeds maximum plausible age of 122; inferred death date range will be added"
@I396@,Giles BRYDGES,warning,implausible_age,"Person would be 524 years old if alive today (born 1502), which exceeds maximum plausible age of 122; inferred death date range will be added"
@I398@,Joan DE CREFT,warning,implausible_age,"Person would be 663 years old if alive today (born 1363), which exceeds maximum plausible age of 122; inferred death date range will be added"
@I400@,Joan (Jane) WYMAN,warning,implausible_age,"Person would be 656 years old if alive today (born 1370), which exceeds maximum plausible age of 122; inferred death date range will be added"
@I402@,Anne GASCOIGNE,warning,implausible_age,"Person would be 622 years old if alive today (born 1404), which exceeds maximum plausible age of 122; inferred death date range will be added"
@I403@,Katherine GASCOIGNE,warning,implausible_age,"Person would be 619 years old if alive today (born 1407), which exceeds maximum plausible age of 122; inferred death date range will be added"
@I404@,Elizabeth (Isabel) GASCOIGNE,warning,implausible_age,"Person would be 615 years old if alive today (born 1411), which exceeds maximum plausible age of 122; inferred death date range will be added"
@I406@,Thomas CLARELL,warning,implausible_age,"Person would be 615 years old if alive today (born 1411), which exceeds maximum plausible age of 122; inferred death date range will be added"
@I407@,Mrs-Thomas CLARELL,warning,implausible_age,"Person would be 610 years old if alive today (born 1416), which exceeds maximum plausible age of 122; inferred death date range will be added"
@I410@,Mary NEVILLE,warning,implausible_age,"Person would be 612 years old if alive today (born 1414), which exceeds maximum plausible age of 122; inferred death date range will be added"
@I411@,Robert NEWMARCH,warning,implausible_age,"Person would be 632 years old if alive today (born 1394), which exceeds maximum plausible age of 122; inferred death date range will be added"
@I418@,Joan NEVILLE,warning,implausible_age,"Person would be 628 years old if alive today (born 1398), which exceeds maximum plausible age of 122; inferred death date range will be added"
@I421@,Thomas De NEVILLE,warning,implausible_age,"Person would be 623 years old if alive today (born 1403), which exceeds maximum plausible age of 122; inferred death date range will be added"
@I431@,Elizabeth (Eleanor) GREY,warning,implausible_age,"Person would be 583 years old if alive today (born 1443), which exceeds maximum plausible age of 122; inferred death date range will be added"
@I433@,Elizabeth BETTESHORNE,warning,implausible_age,"Person would be 673 years old if alive today (born 1353), which exceeds maximum plausible age of 122; inferred death date range will be added"
@I436@,William KINGSMILL,warning,implausible_age,"Person would be 636 years old if alive today (born 1390), which exceeds maximum plausible age of 122; inferred death date range will be added"
@I437@,John GIFFARD,warning,implausible_age,"Person would be 570 years old if alive today (born 1456), which exceeds maximum plausible age of 122; inferred death date range will be added"
@I438@,John Mrs GIFFORD,warning,implausible_age,"Person would be 566 years old if alive today (born 1460), which exceeds maximum plausible age of 122; inferred death date range will be added"
@I439@,John GIFFARD,warning,implausible_age,"Person would be 542 years old if alive today (born 1484), which exceeds maximum plausible age of 122; inferred death date range will be added"
@I443@,Thomas PAULET,warning,implausible_age,"Person would be 543 years old if alive today (born 1483), which exceeds maximum plausible age of 122; inferred death date range will be added"
@I446@,Richard PAULET,warning,implausible_age,"Person would be 532 years old if alive today (born 1494), which exceeds maximum plausible age of 122; inferred death date range will be added"
@I450@,Alice BRUGGE,warning,implausible_age,"Person would be 566 years old if alive today (born 1460), which exceeds maximum plausible age of 122; inferred death date range will be added"
@I452@,Eleanor BRUGGE,warning,implausible_age,"Person would be 563 years old if alive today (born 1463), which exceeds maximum plausible age of 122; inferred death date range will be added"
@I454@,Thomas BRUGGE,warning,implausible_age,"Person would be 555 years old if alive today (born 1471), which exceeds maximum plausible age of 122; inferred death date range will be added"
@I456@,John HUNGERFORD,warning,implausible_age,"Person would be 605 years old if alive today (born 1421), which exceeds maximum plausible age of 122; inferred death date range will be added"
@I462@,Thomas WARNER,warning,implausible_age,"Person would be 446 years old if alive today (born 1580), which exceeds maximum plausible age of 122; inferred death date range will be added"
@I466@,Thomas ATHEROLD,warning,implausible_age,"Person would be 456 years old if alive today (born 1570), which exceeds maximum plausible age of 122; inferred death date range will be added"
@I467@,Mary VESSEY,warning,implausible_age,"Person would be 458 years old if alive today (born 1568), which exceeds maximum plausible age of 122; inferred death date range will be added"
@I468@,Thomas VESEY,warning,implausible_age,"Person would be 456 years old if alive today (born 1570), which exceeds maximum plausible age of 122; inferred death date range will be added"
@I469@,Elizabeth CHURCH,warning,implausible_age,"Person would be 456 years old if alive today (born 1570), which exceeds maximum plausible age of 122; inferred death date range will be added"
@I471@,Samuel MATHEWS,warning,implausible_age,"Person would be 424 years old if alive today (born 1602), which exceeds maximum plausible age of 122; inferred death date range will be added"
@I472@,Son MATHEWS,warning,implausible_age,"Person would be 422 years old if alive today (born 1604), which exceeds maximum plausible age of 122; inferred death date range will be added"
@I474@,Amphyllis WATTS,warning,implausible_age,"Person would be 467 years old if alive today (born 1559), which exceeds maximum plausible age of 122; inferred death date range will be added"
@I477@,William WARNER,warning,implausible_age,"Person would be 486 years old if alive today (born 1540), which exceeds maximum plausible age of 122; inferred death date range will be added"
@I478@,Mary,warning,implausible_age,"Person would be 486 years old if alive today (born 1540), which exceeds maximum plausible age of 122; inferred death date range will be added"
@I479@,Augustine SOTHERTON,warning,implausible_age,"Person would be 473 years old if alive today (born 1553), which exceeds maximum plausible age of 122; inferred death date range will be added"
@I481@,Lawrence TOWNELEY,warning,implausible_age,"Person would be 483 years old if alive today (born 1543), which exceeds maximum plausible age of 122; inferred death date range will be added"
@I482@,Mary HARTLEY,warning,implausible_age,"Person would be 452 years old if alive today (born 1574), which exceeds maximum plausible age of 122; inferred death date range will be added"
@I483@,John HALSTEAD,warning,implausible_age,"Person would be 452 years old if alive today (born 1574), which exceeds maximum plausible age of 122; inferred death date range will be added"
@I484@,Mrs John HALSTEAD,warning,implausible_age,"Person would be 452 years old if alive today (born 1574), which exceeds maximum plausible age of 122; inferred death date range will be added"
@I486@,Agnes HATHOWAY,warning,implausible_age,"Person would be 497 years old if alive today (born 1529), which exceeds maximum plausible age of 122; inferred death date range will be added"
@I487@,Robert BALL,warning,implausible_age,"Person would be 473 years old if alive today (born 1553), which exceeds maximum plausible age of 122; inferred death date range will be added"
@I488@,Thomas BALL,warning,implausible_age,"Person would be 471 years old if alive today (born 1555), which exceeds maximum plausible age of 122; inferred death date range will be added"
@I494@,Thomas WEBB,warning,implausible_age,"Person would be 471 years old if alive today (born 1555), which exceeds maximum plausible age of 122; inferred death date range will be added"
@I495@,Mrs Thomas WEBB,warning,implausible_age,"Person would be 471 years old if alive today (born 1555), which exceeds maximum plausible age of 122; inferred death date range will be added"
@I498@,Thomas GREEKE,warning,implausible_age,"Person would be 502 years old if alive today (born 1524), which exceeds maximum plausible age of 122; inferred death date range will be added"
@I499@,Jane THOMPSON,warning,implausible_age,"Person would be 502 years old if alive today (born 1524), which exceeds maximum plausible age of 122; inferred death date range will be added"
@I500@,William TWIGDEN,warning,implausible_age,"Person would be 506 years old if alive today (born 1520), which exceeds maximum plausible age of 122; inferred death date range will be added"
@I501@,Mrs William TWIGDEN,warning,implausible_age,"Person would be 506 years old if alive today (born 1520), which exceeds maximum plausible age of 122; inferred death date range will be added"
@I503@,Mrs John DICKENS,warning,implausible_age,"Person would be 491 years old if alive today (born 1535), which exceeds maximum plausible age of 122; inferred death date range will be added"
@I505@,Anne WILMER,warning,implausible_age,"Person would be 496 years old if alive today (born 1530), which exceeds maximum plausible age of 122; inferred death date range will be added"
@I506@,Thomas WARNER,warning,implausible_age,"Person would be 512 years old if alive today (born 1514), which exceeds maximum plausible age of 122; inferred death date range will be added"
@I507@,Thomas PECK,warning,implausible_age,"Person would be 499 years old if alive today (born 1527), which exceeds maximum plausible age of 122; inferred death date range will be added"
@I508@,Ursula GUYBAN,warning,implausible_age,"Person would be 495 years old if alive today (born 1531), which exceeds maximum plausible age of 122; inferred death date range will be added"
@I509@,John HARTLEY,warning,implausible_age,"Person would be 472 years old if alive today (born 1554), which exceeds maximum plausible age of 122; inferred death date range will be added"
@I510@,Mrs John HARTLEY,warning,implausible_age,"Person would be 472 years old if alive today (born 1554), which exceeds maximum plausible age of 122; inferred death date range will be added"
@I511@,Robert READE,warning,implausible_age,"Person would be 490 years old if alive today (born 1536), which exceeds maximum plausible age of 122; inferred death date range will be added"
@I512@,O'Alice POOLEY,warning,implausible_age,"Person would be 490 years old if alive today (born 1536), which exceeds maximum plausible age of 122; inferred death date range will be added"
@I514@,Unknown,warning,implausible_age,"Person would be 517 years old if alive today (born 1509), which exceeds maximum plausible age of 122; inferred death date range will be added"
@I515@,Richard HATHOWAY,warning,implausible_age,"Person would be 523 years old if alive today (born 1503), which exceeds maximum plausible age of 122; inferred death date range will be added"
@I516@,Ralph BUTLER,warning,implausible_age,"Person would be 526 years old if alive today (born 1500), which exceeds maximum plausible age of 122; inferred death date range will be added"
@I517@,Mrs Ralph BUTLER,warning,implausible_age,"Person would be 526 years old if alive today (born 1500), which exceeds maximum plausible age of 122; inferred death date range will be added"
@I518@,George THOMPSON,warning,implausible_age,"Person would be 522 years old if alive today (born 1504), which exceeds maximum plausible age of 122; inferred death date range will be added"
@I519@,Mrs George THOMPSON,warning,implausible_age,"Person would be 522 years old if alive today (born 1504), which exceeds maximum plausible age of 122; inferred death date range will be added"
@I521@,Mrs Henry DICKENS,warning,implausible_age,"Person would be 511 years old if alive today (born 1515), which exceeds maximum plausible age of 122; inferred death date range will be added"
@I522@,John THORNTON,warning,implausible_age,"Person would be 516 years old if alive today (born 1510), which exceeds maximum plausible age of 122; inferred death date range will be added"
@I523@,Lettuce NEWENHAM,warning,implausible_age,"Person would be 516 years old if alive today (born 1510), which exceeds maximum plausible age of 122; inferred death date range will be added"
@I524@,William WILMER,warning,implausible_age,"Person would be 516 years old if alive today (born 1510), which exceeds maximum plausible age of 122; inferred death date range will be added"
@I525@,Juliana SPENCER,warning,implausible_age,"Person would be 516 years old if alive today (born 1510), which exceeds maximum plausible age of 122; inferred death date range will be added"
@I527@,Unknown,warning,implausible_age,"Person would be 551 years old if alive today (born 1475), which exceeds maximum plausible age of 122; inferred death date range will be added"
@I528@,Edward BALL,warning,implausible_age,"Person would be 519 years old if alive today (born 1507), which exceeds maximum plausible age of 122; inferred death date range will be added"
@I530@,Unknown,warning,implausible_age,"Person would be 576 years old if alive today (born 1450), which exceeds maximum plausible age of 122; inferred death date range will be added"
